-1.6375412488777836,-0.6534641118894636,4.0,0.3573498886168159,0.0,-0.04561720329583733
-1.5065941461280377,-0.6050598675420198,4.0,0.3506941932504764,0.1396070005028386,-0.049710912111154776
-1.374710280746762,-0.5573493504473997,4.0,0.34344074850382483,0.27985552059963853,-0.05370843197136863
-1.2418789883376093,-0.5104270133246093,4.0,0.3355973541388298,0.4207308483335984,-0.05762978744398951
-1.1081016681542806,-0.4643912282069135,4.0,0.3271698088236121,0.5622075775396256,-0.061496896698533664
-0.9733911627289539,-0.41934389620201845,4.0,0.318161735741658,0.7042504668115149,-0.06533299817559397
-0.8377711375007033,-0.3753900572522515,4.0,0.30857446167886426,0.8468152983841485,-0.0691621906478957
-0.70127546044393,-0.3326374998947435,4.0,0.29840694159712355,0.9898497383480745,-0.07300907086065131
-0.5639475816967855,-0.2911963710216101,4.0,0.287655721921412,1.1332941995289443,-0.07689845102706384
-0.4258399131895936,-0.25117878564013113,4.0,0.2763149371314883,1.2770827082501086,-0.08085513773721616
-0.28701320827328025,-0.21269843663293417,4.0,0.2643763356854848,1.4211437760569134,-0.08490375384313217
-0.1475359413477961,-0.17587020451817426,4.0,0.2518293327629548,1.5654012773166448,-0.08906858524619489
-0.007483687490540752,-0.14080976720971505,4.0,0.238661088771144,1.7097753334166155,-0.09337343497324699
0.13306149791520935,-0.10763320977731083,4.0,0.22485661399594992,1.8541832040601587,-0.09784146731233342
0.2740116995518787,-0.07645663420678717,4.0,0.210398901191899,1.998540185899356,-0.10249502499462525
0.41527376253916554,-0.04739576916022218,4.0,0.19526908929008946,2.1427605184349554,-0.107355402432684
0.5567499128056176,-0.020565579736127545,4.0,0.179446662753873,2.2867582967468048,-0.11244255790079784
0.6983383774602077,0.00392012277037002,4.0,0.16290969241648393,2.4304483901787486,-0.11777474738272149
0.839934005163907,0.02594907110734744,4.0,0.14563512486810146,2.573747365575078,-0.12336806280179367
0.9814288865012618,0.04541093230590481,4.0,0.12759912857968955,2.7165744130345284,-0.12923585775758822
1.122712974351966,0.06219769791998346,4.0,0.10877750589210541,2.858852271394807,-0.13538804508578814
1.2636747042624392,0.07620407426618499,4.0,0.08914618066753006,3.0005081497680837,-0.14183025300070615
1.4042016148173981,0.08732787266359024,4.0,0.06868177166884745,3.141474640399395,-0.14856283084346192
1.544180968011436,0.09547039967357845,4.0,0.04736226143689263,3.281690616902537,-0.155579702202788
1.6835003696205917,0.100536847339645,4.0,0.025167769373978188,3.421102110534469,-0.16286707310610304
1.822048389573929,0.10243668342722098,4.0,0.002081435681059493,3.559663155601797,-0.1704020167673546
1.9597151823251107,0.10108404166349225,4.0,-0.021909580517661578,3.6973365933671762,-0.17815097452595138
2.0963931072239728,0.09639811197721765,4.0,-0.04681299034303385,3.834094821974027,-0.1860682352478049
2.2319773488880976,0.08830353073854777,4.0,-0.07263015962193878,3.9699204779932975,-0.19409448207779187
2.366366537574395,0.07673077099884477,4.0,-0.09935480497234088,4.104807033304619,-0.2021555245739289
2.4994633695506683,0.06161653273049986,4.0,-0.12697162792627734,4.238759289278725,-0.21016136319160766
2.631175227467195,0.042904133066752975,4.0,-0.15545492502774919,4.37179374878828,-0.21800575760189472
2.761414800728304,0.02054389654151147,4.0,-0.18476722416657876,4.50393884563527,-0.22556648469996285
2.8901007058639436,-0.005506454670831475,4.0,-0.2148580095050483,4.635235010769159,-0.2327064695381517
3.0171581069012587,-0.0352814105155775,4.0,-0.24566260778814722,4.765734555419375,-0.2392759457292081
3.142519335736172,-0.06880728281790492,4.0,-0.2771013158258063,4.895501353209223,-0.2451157453204425
3.2661245125049474,-0.1061018150430485,4.0,-0.30907885054696405,5.024610306647521,-0.2500617292480425
3.387922165955774,-0.1471737920564827,4.0,-0.3414841974080318,5.153146588225602,-0.2539502512088927
3.5078698538203423,-0.1920226498841017,4.0,-0.3741909187369799,5.281204652682699,-0.25662441023104704
3.6259347831854085,-0.2406380854723999,4.0,-0.40705796036318664,5.40888702469786,-0.2579407079831545
3.742094430864379,-0.29299966644865433,4.0,-0.4399309634552784,5.5363028750118435,-0.2577756093815245
3.8563371637688824,-0.3490764408811056,4.0,-0.47264405117157826,5.663566407306989,-0.25603143463746864
3.968662859280344,-0.4088265470391386,4.0,-0.5050220202149887,5.790795087477892,-0.2526410089013616
4.07908352562156,-0.472196823153464,4.0,-0.5368828303323403,5.918107755543737,-0.2475705732955592
4.187623922228276,-0.5391224171762992,4.0,-0.5680402550963816,6.045622667733851,-0.2408206147485832
4.29432218006578,-0.6095263965812692,4.0,-0.5983065468123803,6.173455521654954,-0.2324252127258229
4.399230361477421,-0.6833194018487387,4.0,-0.6274969932034657,6.301717496353234,-0.2224941547197411
4.502414375186154,-0.7603997658237482,4.0,-0.6554416049489141,6.430513160859319,-0.2112347753382512
4.603953004798565,-0.8406542735280464,4.0,-0.6819916200147645,6.559938348942727,-0.19887595541563508
4.7039367554110045,-0.9239590533850855,4.0,-0.7070207323080157,6.690078414770128,-0.18565032770525838
4.802466698166268,-1.0101804699256454,4.0,-0.730425307778686,6.821006953636244,-0.17178427437923063
4.899653314810288,-1.0991760164934574,4.0,-0.7521238469558312,6.952784970633068,-0.1574899809770063
4.995615342248802,-1.1907952079508293,4.0,-0.7720558522621213,7.085460465557386,-0.1429598082487507
5.090478617104049,-1.2848804733842696,4.0,-0.7901802723384379,7.219068392298066,-0.1283629501257845
5.184374920271455,-1.3812680488101148,4.0,-0.8064736909999412,7.353630944462397,-0.11384413230616518
5.277440821476303,-1.4797888698801487,4.0,-0.8209284105489426,7.489158115728473,-0.09952397973479796
5.369816523830435,-1.5802694645872313,4.0,-0.8335505534259333,7.625648482780907,-0.08550063321095148
5.461644708388914,-1.6825328459709206,4.0,-0.8443582773445313,7.763090160052876,-0.07185220655262022
5.553069378706724,-1.7863994048230976,4.0,-0.8533801707303075,7.9014618782271935,-0.05863972471752979
5.6442347053954505,-1.891687802393595,4.0,-0.8606538698080459,8.040734141988596,-0.04591025078169839
5.735283870679959,-1.9982158630958138,4.0,-0.8662249172765704,8.180870426426216,-0.03369998108685301
5.826357912955086,-2.105801467212357,4.0,-0.8701458655346275,8.321828375437448,-0.022037153713091465
5.917594571342315,-2.214263443600644,4.0,-0.8724756146640582,8.463560969274297,-0.010944670766035156
6.009127130246467,-2.323422462398545,4.0,-0.8732789663117456,8.606017631893014,-0.00044237824967758416
6.101083263912379,-2.4331019277299992,4.0,-0.8726263685981495,8.749145251988427,0.009451020780095352
6.193583880981587,-2.54312887041064,4.0,-0.8705938235960891,8.892889094548146,0.018716421595648222
6.286741969049018,-2.6533348406534225,4.0,-0.8672629272474647,9.037193582522471,0.02733312805048325
6.3806614392196614,-2.763556800774246,4.0,-0.862721011432917,9.182002930874056,0.035277993165987086
6.475435970665262,-2.8736380178975773,4.0,-0.8570613590365478,9.327261617960533,0.04252485710963555
6.571147855181003,-2.983428956662078,4.0,-0.8503834651363776,9.472914682028353,0.04904424202359727
6.667866841742185,-3.092788171926229,4.0,-0.8427933208780215,9.618907833664357,0.054803255220126294
6.765648981060911,-3.2015832014739494,4.0,-0.8344037011889801,9.765187378454584,0.05976564335316129
6.8645354701427745,-3.30969145872023,4.0,-0.8253344433172265,9.911699947907739,0.06389193017314103
6.964551496843532,-3.417001125416748,4.0,-0.8157127102643571,10.058392040958196,0.06713955965073518
7.065705084425802,-3.5234120443575025,4.0,-0.8056732415142235,10.205209383089771,0.06946295517275489
7.167985936115741,-3.6288366120844313,4.0,-0.7953586029461533,10.352096115311674,0.07081339484037037
7.271364279659717,-3.733200671593033,4.0,-0.784919458305394,10.498993830852152,0.07113859321996162
7.375789711881014,-3.836444405038001,4.0,-0.7745148958549735,10.645840483487683,0.07038187150376957
7.481190043236505,-3.938523226438843,4.0,-0.7643128555859499,10.792569197884124,0.06848079076339617
7.587470142373325,-4.039408674385501,4.0,-0.754490714345195,10.939107019213397,0.06536511611124499
7.694510780685575,-4.139089304743984,4.0,-0.7452360982076396,11.08537364670907,0.06095397192843368
7.80216747687099,-4.237571583361986,4.0,-0.7367480031716609,11.231280203913853,0.0551520384819339
7.910269341487627,-4.334880778774515,4.0,-0.7292383166037795,11.376728107458138,0.047844627263582365
8.01861792151056,-4.431061854909518,4.0,-0.722933842520457,11.521608106766093,0.03889145678346095
8.126986044888541,-4.5261803637934985,4.0,-0.7180789431599756,11.665799579803778,0.028118936303498366
8.235116665100705,-4.6203233382571485,4.0,-0.7149389159827392,11.809170185816066,0.015310762743806198
8.34272170571324,-4.713600184640971,4.0,-0.7138042263082345,11.951575996219072,0.0001966686762428404
8.449480904936078,-4.806143575500903,4.0,-0.7149957054416296,12.092862251072669,-0.017560728087849403
8.555040660179571,-4.898110342313939,4.0,-0.7188707914858,12.232864922922564,-0.03838074667808293
8.65901287261119,-4.989682368183761,4.0,-0.7258308155746735,12.371413314756714,-0.06278032102606206
8.760973791712189,-5.081067480546357,4.0,-0.7363291862992021,12.508333977132576,-0.0913885557736567
8.860462922663002,-5.172500293678768,4.0,-0.7508767401530524,12.643456316124523,-0.1248458250796592
8.95698420988903,-5.264241232673437,4.0,-0.7699992764052135,12.77662072118606,-0.16326839654511155
9.050014269712209,-5.3565699255418044,4.0,-0.7941740418076305,12.90769009044328,-0.2065090515694816
9.139013998618939,-5.449775898375043,4.0,-0.8238096692933755,13.036563303785936,-0.2542361575016586
9.223440357075058,-5.54414913025185,4.0,-0.8592233069017127,13.163189197255774,-0.30578938514693854
9.302758153341994,-5.639970608145258,4.0,-0.9006065496335073,13.287579986425712,-0.3600152229646263
9.376451827292936,-5.737502881829438,4.0,-0.9479811098552524,13.40982278576536,-0.4151158721334852
9.444037234228992,-5.836980618786522,4.0,-1.001148607841393,13.530087524491286,-0.46857094509191327
9.50507342869536,-5.9386011591134125,4.0,-1.0596434839862152,13.648629294561019,-0.5172109453309836
9.559174448297487,-6.042515070428589,4.0,-1.1227025264422352,13.765783130549467,-0.5575119816187456
9.606021097517228,-6.148816702778926,4.0,-1.1892663023962777,13.88194958691043,-0.5861198312861513
9.645372701741417,-6.257534773644408,4.0,-1.258026211837157,13.997570379537574,-0.6006132609863324
9.677076575201932,-6.368625262845671,4.0,-1.3275775623150332,14.113096274398321,-0.6009953888940012
9.701067055772524,-6.481974849277631,4.0,-1.3966393844589011,14.228956845354555,-0.5890795524085479
9.717357379818113,-6.59741158217629,4.0,-1.4641449886548776,14.345537349555844,-0.5674382898025928
9.726030936136869,-6.714716179760832,4.0,-1.529275438899259,14.463162173439606,-0.5389338764216394
9.727232519519804,-6.8336333282621755,4.0,-1.5914613063797483,14.582085392410153,-0.5062965954072364
9.721159584310337,-6.953882980951525,4.0,-1.6503587740688603,14.702488297333446,-0.4718352379135898
9.708053497963906,-7.075171657168938,4.0,-1.7058098542903053,14.824483020489378,-0.4373018593629543
9.688190794607555,-7.197203741351882,4.0,-1.7577963873867544,14.948121026598566,-0.4038818094423821
9.661874428599495,-7.3196927820637825,4.0,-1.806395097741072,15.07340516850963,-0.3722606115153291
9.629425028242077,-7.442372790756839,4.0,-1.851737972236949,15.200304136655493,-0.34272244716885236
9.591172390944978,-7.565009122102249,4.0,-1.8939769059478266,15.328767882615374,-0.31519796525391114
9.547449746443807,-7.687404557289664,4.0,-1.9332501341612178,15.458738310778447,-0.28942372422063645
9.498592036120241,-7.809398427435622,4.0,-1.9696741279350418,15.590152085593914,-0.2651647325174003
9.44493506807158,-7.930864219321334,4.0,-2.00334755449287,15.722941425597538,-0.24222626260070654
9.386814683472004,-8.051707161561826,4.0,-2.034355070575848,15.857034661054595,-0.22044807985648776
9.324565922933859,-8.171861810775127,4.0,-2.06277058808267,15.992356676691765,-0.19969899212389977
9.258522192868917,-8.291289637751415,4.0,-2.0886600512872437,16.128829311813863,-0.17987203923928485
9.189014431849673,-8.4099766136222,4.0,-2.1120837851124583,16.266371767380356,-0.16088045476722523
9.116370276970617,-8.527930796029505,4.0,-2.133098482489874,16.40490105087474,-0.14265441968358228
9.040913230209487,-8.645179915294992,4.0,-2.1517588998546118,16.544332474429275,-0.12513856227205783
8.962961824788588,-8.76176896058917,4.0,-2.1681193259982665,16.684580209133625,-0.10829012217976586
8.882828791536026,-8.877757766100544,4.0,-2.182234882604419,16.825557888296714,-0.0920776782125124
8.800820225247014,-8.99321859720478,4.0,-2.194162706007201,16.967179244257107,-0.07648033189732925
8.717234751045133,-9.108233736633892,4.0,-2.203963049849009,17.10935875682995,-0.06148723761805123
8.632362690743609,-9.222893070645378,4.0,-2.2117003379354774,17.252012286389448,-0.04709737257584804
8.546485229206608,-9.337291675191432,4.0,-2.217444186124522,17.395057660736622,-0.03331944460153597
8.459873580710482,-9.451527402088056,4.0,-2.221270401915925,17.53841518218149,-0.020171842630053633
8.372788155305074,-9.565698465184283,4.0,-2.2232619609117186,17.682008019630175,-0.007682543912883334
8.285477725174973,-9.679901026531303,4.0,-2.223509950936866,17.825762449919203,0.004111095157489765
8.198178591044936,-9.794226782652885,4.0,-2.222114457974805,17.969607913290925,0.01516353269211336
8.111113790917067,-9.908760647919216,4.0,-2.2191830292267665,18.113476901311806,0.02546763078878198
8.024492747109958,-10.023579443326888,4.0,-2.2148209391344778,18.257305135706524,0.035079374786170896
7.9385115026082245,-10.13875193707823,4.0,-2.209126986287872,18.40103223030935,0.04405225481541337
7.853353075309154,-10.254339155600876,4.0,-2.2021941371176688,18.544602292738304,0.05243175177064795
7.769187813523185,-10.370394697443448,4.0,-2.1941102596463424,18.687964352167825,0.060256019123082274
7.686173751474372,-10.486965047171212,4.0,-2.1849587906979973,18.83107263611218,0.0675566357984262
7.604456964800867,-10.604089889261772,4.0,-2.1748193295584146,18.97388671755719,0.07435939072402571
7.5241719260553825,-10.721802422000701,4.0,-2.163768154894062,19.116371551171778,0.08068507296587177
7.44544186020567,-10.840129671377257,4.0,-2.1518786644584402,19.258497415157617,0.08655024996508832
7.36837910013499,-10.959092804980004,4.0,-2.139221739084674,19.400239773492366,0.09196802168227693
7.2930854421425835,-11.078707445892524,4.0,-2.125866033929555,19.541579071829766,0.09694874154853599
7.219652501444151,-11.198983986589065,4.0,-2.1118782010613875,19.682500479080566,0.10150069681413432
7.148162067672311,-11.319927902830196,4.0,-2.0973230483774103,19.822993585661024,0.10563074178023184
7.078686460377083,-11.441540067558527,4.0,-2.0822636405574713,19.96305206851355,0.10934487793336015
7.0112888845263575,-11.56381706479431,4.0,-2.0667613483390306,20.10267333223636,0.11264877548479262
6.9460237860063705,-11.686751503531172,4.0,-2.0508758528432245,20.241858134971324,0.1155482314498045
6.882937207122167,-11.810332331631738,4.0,-2.034665111988844,20.38061020706156,0.11804956029918834
6.8220671420980805,-11.934545149723318,4.0,-2.01818529619098,20.518935869880462,0.12015991441726576
6.763443892578207,-12.059372525093591,4.0,-2.0014907005436045,20.65684366163314,0.12188753308629566
6.7070904231268775,-12.184794305586259,4.0,-1.9846336405240539,20.79434397632788,0.12324192041876166
6.653022716729114,-12.310787933496696,4.0,-1.9676643379322967,20.931448721501592,0.12423395447593939
6.601250130291125,-12.43732875946767,4.0,-1.9506308032968882,21.0681709996566,0.1248759316249925
6.551775750140769,-12.564390356384962,4.0,-1.9335787203590116,21.204524817727215,0.12518155187607224
6.504596747528011,-12.691944833273055,4.0,-1.9165513375098513,21.34052482824828,0.1251658523940554
6.459704734125424,-12.819963149190812,4.0,-1.8995893702347357,21.476186105250072,0.1248450975062222
6.417086117528641,-12.948415427127138,4.0,-1.882730917744022,21.61152395726367,0.12423663426540275
6.37672245675683,-13.077271267896638,4.0,-1.8660113960811533,21.74655377919689,0.12335872294827056
6.338590817753169,-13.206500064035314,4.0,-1.8494634891275288,21.881290944242608,0.12223035177313929
6.302664128885317,-13.336071313696191,4.0,-1.833117118103591,22.015750736417402,0.12087104464233164
6.2689115364458905,-13.465954934545042,4.0,-1.8169994294231295,22.149948323807006,0.1193006699054832
6.237298760152929,-13.59612157765601,4.0,-1.801134800114493,22.283898772121773,0.1175392570721952
6.207788448650373,-13.7265429414073,4.0,-1.7855448594931702,22.417617097745918,0.11560682715323431
6.180340535008528,-13.857192085376843,4.0,-1.7702485253634206,22.5511183591005,0.11352324095737437
6.154912592224547,-13.988043744237974,4.0,-1.755262052744718,22.684417784834203,0.11130806828865217
6.1314601887229,-14.119074641655088,4.0,-1.740599092958854,22.817530937106763,0.10898047963865877
6.109937243855836,-14.250263804179307,4.0,-1.7262707608685082,22.950473908036244,0.10655916070009712
6.090296383403871,-14.38159287514417,4.0,-1.7122857081177378,23.083263547239714,0.10406224887705914
6.072489295076256,-14.513046428561301,4.0,-1.6986502003768964,23.215917718303793,0.101507289957231
6.0564670840114285,-14.64461228301603,4.0,-1.6853681968255942,23.34845558197229,0.09891121225343794
6.0421806282775234,-14.77628181556314,4.0,-1.6724414304038118,23.4808979038283,0.09629031482024862
6.029580934372809,-14.908050275622472,4.0,-1.6598694877096676,23.613267384271868,0.09366026580438652
6.0186194927261845,-15.039917098874636,4.0,-1.6476498878096826,23.745589008648196,0.09103610659221904
6.009248632144342,-15.171886219546979,4.0,-1.6357782169033406,23.877890413928245,0.08843000072093589
6.001421811123513,-15.303966286214322,4.0,-1.6242495263868393,24.010202178855412,0.08583531866527604
5.995093653206742,-15.43617048644319,4.0,-1.613060491111314,24.14255774594941,0.08323786879329895
5.990219824506644,-15.56851613022908,4.0,-1.602209577831016,24.274993102389068,0.08062561350908999
5.986756899409505,-15.701024215372142,4.0,-1.5916968129059235,24.40754642931265,0.07798870001044148
5.984662226276245,-15.833718992848082,4.0,-1.5815235555512184,24.54025773864582,0.07531940414080948
5.983893793143453,-15.966627532179162,4.0,-1.571692278492534,24.673168499371208,0.0726120532728495
5.984410093424365,-16.099779286805095,4.0,-1.5622063576103868,24.806321254978986,0.06986292579455286
5.986169991609875,-16.233205659454036,4.0,-1.553069872339249,24.939759233680245,0.06707012608326432
5.98913258896953,-16.3669395675135,4.0,-1.5442874186764306,25.073525952814613,0.06423343518536108
5.993257089252527,-16.501015008401325,4.0,-1.5358639366534381,25.207664818740373,0.061354138693893195
5.998502664388726,-16.63546662493662,4.0,-1.5278045540326508,25.342218723356563,0.058434834460386484
6.004828320189633,-16.77032927071068,4.0,-1.5201144478242712,25.477229638272696,0.0554792237267983
6.0121927620494136,-16.905637575457988,4.0,-1.512798724985652,25.612738207512788,0.05249188996972857
6.020554260645885,-17.04142551042713,4.0,-1.5058623233832389,25.748783339516702,0.049478070179199925
6.029870517641521,-17.177725953751732,4.0,-1.4993099337844675,25.885401799085283,0.04644342343542783
6.0400985313844435,-17.314570255821437,4.0,-1.4931459433217507,26.022627799806976,0.043393801504694914
6.051194462609438,-17.451987804652816,4.0,-1.4873744005517748,26.160492597404385,0.04033502577235848
6.063113500138936,-17.590005591260365,4.0,-1.4819990019381248,26.29902408435113,0.03727267420340593
6.075809726584032,-17.7286477750274,4.0,-1.4770230993292686,26.438246386033146,0.034211881214326986
6.089235984045464,-17.867935249077046,4.0,-1.472449727800295,26.578179458666284,0.03115715240427834
6.103343739814635,-18.007885205643145,4.0,-1.4682816530858964,26.718838689133737,0.028112195078018532
6.118082952074596,-18.148510701441246,4.0,-1.464521437761664,26.860234496873947,0.02507976444245359
6.133401935601051,-18.28982022303951,4.0,-1.4611715253361317,27.00237193793229,0.022061524308859545
6.1492472274633645,-18.431817252229692,4.0,-1.4582343415004833,27.14525031128893,0.019057920108539367
6.165563452725552,-18.57449983139808,4.0,-1.4557124119484584,27.288862767590427,0.01606806104207163
6.182293190147279,-18.717860128896408,4.0,-1.453608496427244,27.433195920445236,0.013089607228058624
6.199376837884875,-18.861884004412865,4.0,-1.451925739012889,27.578229460493056,0.010118656777646633
6.2167524791923165,-19.006550574343,4.0,-1.4506678350242792,27.72393577252584,0.0071496267613131385
6.234355748122238,-19.15183177716066,4.0,-1.4498392155036894,27.87027955602608,0.004175121002757508
6.2521196952269245,-19.297691938788983,4.0,-1.4494452508088247,28.01721744959673,0.0011857764607681605
6.269974653259321,-19.444087337971293,4.0,-1.4494924755955896,28.164697659889793,-0.0018299214485179478
6.287848102874022,-19.590965771642086,4.0,-1.449988838343902,28.312659595801414,-0.004885865998517771
6.305664538328278,-19.738266120297975,4.0,-1.4509439796207222,28.461033508894122,-0.007998612447121889
6.323345333182993,-19.885917913368587,4.0,-1.4523695445266165,28.60974014124003,-0.01118773413574654
6.34080860600373,-20.0338408945876,4.0,-1.4542795362908012,28.758690382160722,-0.01447627199898799
6.3579690860617,-20.1819445873636,4.0,-1.456690719840325,28.907784935681995,-0.017891303370194102
6.374737979034775,-20.330127860151094,4.0,-1.4596230864728421,29.056914000942783,-0.021464663058547783
6.391022832708476,-20.478278491821413,4.0,-1.4631003936442342,29.20595696831625,-0.025233859239407238
6.406727402676979,-20.62627273703368,4.0,-1.4671507975224642,29.354782134648577,-0.02924323966601751
6.42175151804412,-20.773974891605768,4.0,-1.4718076005993512,29.503246441833173,-0.033545481375907904
6.435990947124383,-20.92123685788522,4.0,-1.4771101426178825,29.651195243967635,-0.038203501270149626
6.449337263143908,-21.067897710120214,4.0,-1.483104870804496,29.798462109655706,-0.043292918319112014
6.461677709941495,-21.213783259830514,4.0,-1.4898466354916076,29.944868667710463,-0.04890524448347095
6.472895067669587,-21.358705621178398,4.0,-1.4974002704921405,30.090224506716147,-0.05515204622965649
6.482867518495295,-21.502462776339623,4.0,-1.5058425351641527,30.234327141791013,-0.062170409786701436
6.491468512301375,-21.644838140874374,4.0,-1.515264518518415,30.376962065708177,-0.07013017280989192
6.498566632387243,-21.785600129098196,4.0,-1.5257746370927479,30.517902906621934,-0.07924357023281688
6.504025461169966,-21.924501719452948,4.0,-1.5375024005549234,30.65691172150343,-0.08977820840522503
6.507703445885266,-22.06128001987775,4.0,-1.5506031760796186,30.793739463714807,-0.10207466683814849
6.509453733201365,-22.195655837953026,4.0,-1.565265751302052,30.928126680328177,-0.11662795920106822
6.509122292230193,-22.327333513842177,4.0,-1.5817534513202989,31.059804773345526,-0.1345415068774615
6.506539389028265,-22.456001774038477,4.0,-1.600472257028334,31.18849895569614,-0.15743766415832566
6.501507119102227,-22.58133519036166,4.0,-1.6220044056757064,31.313933356830155,-0.18739038133224545
6.493786660510606,-22.702995681853995,4.0,-1.6471413113607274,31.43583856865894,-0.22708434686693535
6.4830855269158345,-22.820634016683865,4.0,-1.676924574149773,31.55396262244037,-0.2800018926680805
6.469044820636313,-22.933891314049422,4.0,-1.7126932577576335,31.668086926772872,-0.35059540448079307
6.451226485698462,-23.04240054608224,4.0,-1.7561298954204607,31.778049404447348,-0.44432231647686776
6.429100560888754,-23.145788039750887,4.0,-1.8092850077507645,31.883777973887064,-0.5672406098233959
6.40203243280579,-23.243674978764627,4.0,-1.874534770560094,31.985338479928515,-0.7245305017365198
6.3692700889123195,-23.335678905477,4.0,-1.9543841970751612,32.08300164446812,-0.9168794376222241
6.32993137058731,-23.421415222789495,4.0,-2.0509789369199973,32.17733218494025,-1.1337245347401759
6.2829912261779866,-23.50049869605514,4.0,-2.165194168887233,32.26929724842049,-1.344676367907507
6.227269082770577,-23.572544978334125,4.0,-2.2953690081504723,32.360377564933664,-1.4962728422111788
6.161436114947211,-23.637176049381807,4.0,-2.4358061729303646,32.452633486137685,-1.5194425446524125
6.084147741198185,-23.694050286886757,4.0,-2.576434096810921,32.54859270460334,-1.3864312838363402
5.99428954190043,-23.74291484770418,4.0,-2.7065027923150744,32.650877802662215,-1.147147230946594
5.891237281778417,-23.783660822172088,4.0,-2.81872416690153,32.76169297649502,-0.8827550254022495
5.775099700716122,-23.816374130634387,4.0,-2.910733361332887,32.88234992111716,-0.6540637029026731
5.64679575592047,-23.84134553367146,4.0,-2.9842757377595794,33.01306133308936,-0.4825532397405685
5.507921966374011,-23.859028802951826,4.0,-3.0428089355070442,33.15305643098724,-0.3622977795245456
5.360580505815993,-23.869989197971616,4.0,-3.089876027906756,33.300804988538104,-0.2808694823682557
5.207206939691556,-23.874851854863422,4.0,-3.128561640402838,33.454255619744934,-0.22754258062609709
5.050397962100876,-23.87425017520495,4.0,3.121735670386977,33.61106575166072,-0.19500658268844456
4.892739132748362,-23.86877421482789,4.0,3.09242960146424,33.76881965055027,-0.17907941048019985
4.736632613891818,-23.858919072626605,4.0,3.0646877370355687,33.92523694197713,-0.17808010801000337
4.5841269127344955,-23.845033995874317,4.0,3.0365564501888964,34.07837343090745,-0.19176903002337636
4.436798208140325,-23.827289915657698,4.0,3.0062181023293104,34.226766825572206,-0.21961562286604538
4.295761744713473,-23.80569345295938,4.0,2.9720764901572947,34.36944720690417,-0.2616041210527512
4.161734121975723,-23.780119108611462,4.0,2.9327379152126936,34.50589298641221,-0.31773411997928797
4.035097520062171,-23.750342145131064,4.0,2.8870610264177716,34.635983326170106,-0.38701509427421504
3.9159639254169196,-23.716071468555754,4.0,2.834275272136227,34.75994821089973,-0.46644358962135113
3.8042393564887846,-23.676982510279025,4.0,2.774136834390009,34.8783134336695,-0.5502829884870051
3.6996880894269886,-23.632750108885833,4.0,2.7070634020721154,34.991836439167216,-0.6302703761512293
3.6019968277611554,-23.583081358778422,4.0,2.6341629575634387,35.10142917315581,-0.6973280830125018
3.5108329131651486,-23.527744925986035,4.0,2.5570892401210354,35.2080733484241,-0.7440513668756489
3.4258711411319624,-23.466581751012576,4.0,2.4778160793317583,35.31276067659639,-0.7656696743417041
3.346796131364005,-23.39950125899885,4.0,2.3984221016447513,35.41645565997845,-0.760933013527244
3.2733021902912665,-23.32647608306203,4.0,2.3208606564777465,35.5200608514266,-0.7323700525808764
3.205093170183201,-23.2475367856158,4.0,2.2467628500130976,35.624386702036155,-0.6853597602947731
3.141882328260594,-23.162766579690437,4.0,2.1773209254808417,35.7301297791107,-0.6265322291722074
3.0833921858074382,-23.07229605025283,4.0,2.113264452090239,35.837860988427735,-0.5622378148361398
3.029354387282804,-22.976297875526658,4.0,2.0549100354523655,35.94802329241665,-0.49757297031841397
2.9795095594327115,-22.874981548312412,4.0,2.0022509326027924,36.060936998509355,-0.4360452647961712
2.9336071704020035,-22.768588097307465,4.0,1.9550556476076228,36.176810186674125,-0.3796940141891026
2.891405388846221,-22.65738480842623,4.0,1.9129556403017907,36.29575202886805,-0.3294238896164506
2.8526709430434707,-22.54165994612016,4.0,1.8755135981837563,36.41778727397128,-0.28537189638069915
2.8171789800063003,-22.421717474697893,4.0,1.842271476405124,36.54287074966297,-0.24721625391556729
2.7847129245935727,-22.297871779645288,4.0,1.8127813820749257,36.670901218447256,-0.2144004286617344
2.7550643386223324,-22.170442388945546,4.0,1.7866235364452052,36.80173427338446,-0.1862791995592379
2.7280327799796855,-22.039748694399282,4.0,1.7634152771574425,36.93519418106015,-0.1622053001696615
2.703425661734669,-21.906104672944608,4.0,1.7428142534940751,37.07108470589136,-0.14157553598349545
2.6810581107934484,-21.769813640191316,4.0,1.7245183061757585,37.20919898083811,-0.12384526129238355
2.6607528114629155,-21.631164068537668,4.0,1.7082656139441643,37.34932752504179,-0.10851877050595556
2.6423398047057947,-21.490428530865383,4.0,1.6938326868364395,37.4912624762756,-0.09518117506194239
2.6256562672467063,-21.347864065576257,4.0,1.6810287251619973,37.63479981352735,-0.0834944313249057
2.6105462897089473,-21.20371261000245,4.0,1.6696904616846173,37.77974102079857,-0.07318239511027122
2.596860654751274,-21.058201433816876,4.0,1.6596778458567465,37.92589436150313,-0.0640187105766407
2.584456615204686,-20.911543572443634,4.0,1.6508704440718436,38.073075843013704,-0.05581709071929833
2.5731976722092043,-20.763938260468425,4.0,1.643164440327352,38.221109933414105,-0.0484235565343553
2.5629533533506565,-20.61557136504898,4.0,1.6364701361444172,38.3698300790746,-0.04171025365195719
2.5535989907974614,-20.466615819325437,4.0,1.6307098636471604,38.51907906131761,-0.035570527042264856
2.5450154994374046,-20.317232055830797,4.0,1.6258162397498899,38.66870922244748,-0.02991499365773903
2.537089155014429,-20.167568439901327,4.0,1.621730701786901,38.818582585220845,-0.02466840466445764
2.529711372265408,-20.017761703086958,4.0,1.6184022754965555,38.96857088500873,-0.019767132029307643
2.522778483056937,-19.867937376561702,4.0,1.6157865351292895,39.1185555301279,-0.015157149127840427
2.516191514522105,-19.7182102245341,4.0,1.6138447227793353,39.268427502853875,-0.010792402809670523
2.5098559671972884,-19.56868467765761,4.0,1.6125430000623593,39.4180872112881,-0.006633496232397469
2.5036815931589262,-19.419455266441005,4.0,1.6118518101895285,39.56744430039612,-0.002646618899247842
2.497582174160302,-19.27060705465885,4.0,1.6117453325142082,39.71641742905651,0.0011973263015699934
2.49147529976833,-19.122216072761834,4.0,1.6122010149150316,39.86493401878035,0.004923438842050837
2.485282145500334,-18.974349751287267,4.0,1.613199172065804,40.01292997881375,0.008553410747757574
2.4789272509608313,-18.827067354269424,4.0,1.6147226398414865,40.16034941157596,0.012106016556482116
2.472338297978315,-18.68042041265001,4.0,1.616756477911824,40.30714430177222,0.01559752338375982
2.4654458887420336,-18.534453157688557,4.0,1.6192877140537205,40.45327419202764,0.019042037516434185
2.458183323938777,-18.38920295437283,4.0,1.6223051249290337,40.59870584749089,0.02245180084488604
2.4504863808896573,-18.244700734829262,4.0,1.6257990490729406,40.74341291153864,0.025837447953331955
2.4422930916868903,-18.10097143173335,4.0,1.6297612286565422,40.887375554458245,0.029208232668324157
2.4335435213305785,-17.958034411720092,4.0,1.6341846772553927,41.03058011678672,0.03257223120448103
2.424179545865492,-17.815903908794382,4.0,1.6390635713965045,41.17301874883023,0.03593652765634199
2.414144630517853,-17.67458945774142,4.0,1.644393164088734,41.31468904777265,0.039307386400033874
2.403383607832117,-17.534096327537164,4.0,1.6501697188803133,41.455593693699726,0.042690414939134405
2.391842455807753,-17.3944259547587,4.0,1.656390463244952,41.59574008581213,0.0460907198204899
2.3794680760360296,-17.255576376994675,4.0,1.663053560284754,41.73513998007315,0.04951305743371686
2.366208071836794,-17.11754266625574,4.0,1.670158097863118,41.8738091295323,0.052961980777563054
2.352010526395258,-16.980317362384934,4.0,1.6777040943518327,42.01176692858331,0.05644198261899952
2.3368237808987744,-16.843890906468076,4.0,1.6856925202011075,42.14903606245109,0.059957634883653944
2.3205962126736224,-16.708252074244236,4.0,1.694125334526217,42.28564216325756,0.0635137235988712
2.303276013321793,-16.573388409516117,4.0,1.7030055358562668,42.42161347408998,0.06711537826445269
2.284810966857767,-16.439286657560476,4.0,1.712337226115388,42.55698052258588,0.07076819415158296
2.2651482278452972,-16.30593319853855,4.0,1.7221256868098462,42.691775805658345,0.07447834572591752
2.244234099534194,-16.173314480906438,4.0,1.7323774662806546,42.826033487112326,0.07825268915086037
2.222013811997103,-16.041417454825556,4.0,1.7431004767536982,42.95978911004913,0.08209885164127485
2.198431300266292,-15.91023000557303,4.0,1.7543040997798869,43.09307932612262,0.08602530529005954
2.17342898247043,-15.779741386952114,4.0,1.765999298506302,43.22594164389843,0.09004142285781559
2.14694753797137,-15.649942654702615,4.0,1.778198735053175,43.35841419877805,0.0941575128709128
2.118925685500932,-15.52082709991129,4.0,1.790916891085619,43.49053554718529,0.09838483118203534
2.0892999612976864,-15.392390682422286,4.0,1.80417018945507,43.62234448797451,0.10273556587218281
2.058004497243732,-15.264632464247521,4.0,1.8179771145319177,43.75387991431108,0.10722279197441113
2.024970799001483,-15.137555042977137,4.0,1.8323583285430156,43.885180699595445,0.11186039193789821
1.990127524150449,-15.011164985189886,4.0,1.8473367808475532,44.01628562135588,0.11666293699021374
1.9534002603240168,-14.885473259863561,4.0,1.8629378066110955,44.14723332742087,0.12164552356728535
1.9147113033462324,-14.760495671785401,4.0,1.8791892107468557,44.27806234910132,0.12682355773119036
1.8739794516617434,-14.636253283833742,4.0,1.8961206124168604,44.4088111720619,0.13219060084602116
1.831120212461138,-14.512772558057721,4.0,1.9137557208038432,44.53951849405661,0.1376535300885079
1.7860470343282782,-14.390084795607708,4.0,1.9321045304240696,44.67022380550946,0.14309495594101562
1.7386729370850522,-14.268225305366427,4.0,1.95116233234977,44.80096798492665,0.14839457064485265
1.688912156479184,-14.147232562441735,4.0,1.9709094825085676,44.931793743578936,0.1534304597394169
1.636681788872047,-14.027147366659463,4.0,1.991311293387314,45.06274589341407,0.15808074159898633
1.5819034359264734,-13.908012001056193,4.0,2.012318078437522,45.19387141834669,0.16222553395909858
1.5245048492945632,-13.789869390372072,4.0,2.0338653772732216,45.325219331183554,0.165749200132394
1.464421575305499,-13.672762259543628,4.0,2.055874384595677,45.45684030179278,0.1685427778357775
1.4015985996533524,-13.556732292196555,4.0,2.078252596499517,45.58878604667435,0.1705064455556311
1.3359919920848977,-13.441819289138541,4.0,2.1008946746557378,45.72110847571967,0.17155184150113964
1.2675705510874211,-13.32806032685205,4.0,2.1236835125513553,45.85385859846413,0.1716040248820718
1.1963174485765344,-13.215488915987153,4.0,2.146491469680885,45.9870851992672,0.17060286376540987
1.1222318745839797,-13.10413415985431,4.0,2.1691817208796795,46.1208332982713,0.16850365085658425
1.0453306819454473,-12.994019912917185,4.0,2.191609650577521,46.25514242233872,0.1652767873672401
0.9656500309883809,-12.885163939285453,4.0,2.2136242072523746,46.39004471710147,0.16090643081025802
0.8832470342197919,-12.777577071207606,4.0,2.235069123023668,46.52556293749726,0.15538806666152613
0.7982014010140679,-12.671262367563747,4.0,2.255783897769159,46.66170835952182,0.14872502559647582
0.7106170823007858,-12.566214272358422,4.0,2.2756044462373386,46.798478660357695,0.1409240162235444
0.6206239152525195,-12.462417773213387,4.0,2.294363309420929,46.935855817666116,0.13198976812675242
0.5283792679726528,-12.359847559860443,4.0,2.3118893363293562,47.073804081950435,0.12191887480225874
0.4340696841831905,-12.258467182634236,4.0,2.3280067471465107,47.212268079007686,0.11069288767217864
0.33791252791256793,-12.158228210965055,4.0,2.3425334912885742,47.35117110324887,0.09827064138176507
0.24015762818346187,-12.059069391871637,4.0,2.3552788119033528,47.4904136679518,0.0845796906210327
0.14108892370060724,-11.960915808453988,4.0,2.3660399201270876,47.62987238638,0.06950661565736678
0.041026107538586244,-11.863678038386151,4.0,2.3745976669748945,47.769399269474405,0.05288581601733832
-0.05967372817050692,-11.767251312409126,4.0,2.380711078494084,47.90882154314144,0.03448630138526776
-0.16061453974905818,-11.671514705719728,4.0,2.384113507459325,48.047942157367146,0.014073587811994831
-0.26136168306717267,-11.576331008540794,4.0,2.3845302749538835,48.186542024233646,-0.008433553212339174
-0.3614464318947494,-11.481548083533271,4.0,2.3816919673374026,48.32438526788694,-0.03315892000578699
-0.46037190909135306,-11.387000727296604,4.0,2.3753284851025462,48.46122624351164,-0.060308858367767594
-0.5576190602132972,-11.292512547003186,4.0,2.3651630806205732,48.59681763194208,-0.09015826537200952
-0.6526526271207284,-11.197897837032851,4.0,2.3509086120221996,48.7309195416299,-0.12302866931298437
-0.7449271215847061,-11.102963455607314,4.0,2.332266894252986,48.8633095680867,-0.15925403179985695
-0.8338927988942871,-11.007510701424682,4.0,2.3089323326423097,48.99379374344986,-0.1991282509183112
-0.9190016314636086,-10.911337190293894,4.0,2.2806013744675506,49.12221826456844,-0.24282720148679482
-0.9997132824389684,-10.814238731769196,4.0,2.246989612107111,49.248481803450574,-0.2902987358995869
-1.0755010793059105,-10.716011205784628,4.0,2.2078584209383707,49.37254806403335,-0.3411185045376099
-1.1458579874963075,-10.616452439288478,4.0,2.1630524871176755,49.49445804113263,-0.3943206639165164
-1.2103025839954402,-10.515364082877758,4.0,2.11254802735137,49.61434115845845,-0.44823302729839687
-1.2683850309490836,-10.412553487432678,4.0,2.056508502563228,49.73242413428433,-0.5003747413686198
-1.3196930492705874,-10.30783558075111,4.0,1.9953401477451085,49.849036109329134,-0.5475008362423104
-1.3638578922479605,-10.201034744183062,4.0,1.9297346062283114,49.964608389945425,-0.5858790136691701
-1.400560319150953,-10.091986689265154,4.0,1.8606826809080816,50.079667272357646,-0.6118313433236354
-1.429536568838138,-9.980540334355084,4.0,1.7894449506012415,50.19481896825777,-0.6224589112434373
-1.450584333363995,-9.866559681266097,4.0,1.7174739924710984,50.31072668012427,-0.6163350542488606
-1.463568731585992,-9.749925691901451,4.0,1.6462977022209946,50.428081194619025,-0.5938960492780482
-1.4684282827716704,-9.630538164888906,4.0,1.5773875195216405,50.54756758231192,-0.5573505975082517
-1.4651808802057231,-9.508317612215174,4.0,1.5120415007556305,50.66983126915024,-0.5101389209854686
-1.453929764797082,-9.383207135860397,4.0,1.4513064872709998,50.795446630040765,-0.4561648487001488
-1.4348694986859987,-9.25517430443263,4.0,1.3959495194762486,50.92489043896045,-0.39907881571300685
-1.4082919388511268,-9.124213029802295,4.0,1.3464738496129471,51.05852135656405,-0.3417998822239718
-1.3745921695197203,-8.990345439944164,4.0,1.3031639064420282,51.19656557436188,-0.2863892110080669
-1.334271862283334,-8.853623514980098,4.0,1.2661049156742417,51.339108942995836,-0.2345211873813053
-1.287931995533157,-8.714129743666208,4.0,1.2351866570347199,51.48609838304442,-0.1871748935701308
-1.2362588904648313,-8.571977164619467,4.0,1.210170310630794,51.63735136819527,-0.14458159006211518
-1.1800097336762416,-8.427309360281274,4.0,1.1907510163055155,51.79256973454236,-0.10650543046191857
-1.1199980996079102,-8.28030045086655,4.0,1.176601339776423,51.951355803423915,-0.07245952821276387
-1.0570794729833892,-8.131155088312784,4.0,1.1673987172630274,52.113229497233654,-0.041852517051562975
-0.9921367712496624,-7.980108450229165,4.0,1.1628406853954487,52.277645559054996,-0.014079302086947838
-0.9260658670175322,-7.82742623384563,4.0,1.1626513154060205,52.444010289649675,0.011427061471970706
-0.85976111050202,-7.673404649961966,4.0,1.166581489544442,52.61169740614529,0.03516773364412778
-0.7941008519627586,-7.518370416896879,4.0,1.1744048560452363,52.78006273206937,0.05756384084933524
-0.729932964144388,-7.362680754437088,4.0,1.1859106293978443,52.948457473150896,0.07894819481494353
-0.6680603647169499,-7.206723377786401,4.0,1.2008939014902382,53.1162398378132,0.09955814440740489
-0.6092265387162829,-7.050916491514802,4.0,1.2191437823232487,53.282784741342326,0.11952646417771265
-0.554101060984417,-6.895708783507535,4.0,1.240429464466574,53.447491301381795,0.13886823079016328
-0.5032651235062316,-6.741579417488228,4.0,1.2644845017680602,53.609787801679246,0.15748004670587076
-0.45719851107119786,-6.589037603742967,4.0,1.291020002021395,53.769133770319606,0.17560234965009192
-0.4162776073845999,-6.438618957420965,4.0,1.3198123607809091,53.92501927163346,0.19396806405831177
-0.3807850791809455,-6.290878455823588,4.0,1.350736612128092,54.07696325924248,0.21340696637146833
-0.35092132434964574,-6.146382881955998,4.0,1.3837709634161939,54.22451262291427,0.23489013086088906
-0.3268159291974936,-6.00570326541786,4.0,1.4190059554987218,54.36724252372261,0.25961455100203046
-0.30853912571114234,-5.869407323294044,4.0,1.4566592174702853,54.50475843329345,0.2891124455392404
-0.2961132488195838,-5.738051901045345,4.0,1.4970965459801526,54.63670027415775,0.32539628895062034
-0.28952419365662746,-5.612175413399174,4.0,1.5408601314339518,54.76274909719897,0.3711502646226403
-0.2887328728233786,-5.492290285240291,4.0,1.5887043156340457,54.88263683694884,0.4299721147879806
-0.2936866736507167,-5.378875392501486,4.0,1.6416376010551677,54.99615986561524,0.5066448102606974
-0.30433091546177427,-5.272368503054305,4.0,1.700965298503913,55.10319732346737,0.6073491658698407
-0.3206203068344155,-5.173158717599759,4.0,1.7683174630972267,55.20373550428057,0.739564657772289
-0.3425304028637139,-5.081578910559016,4.0,1.8456272236675224,55.29789979350761,0.9110663832272636
-0.3700690624244321,-4.997898170964132,4.0,1.9349907343540276,55.38599544578142,1.1268754195256874
-0.40328790538532594,-4.922314243375673,4.0,2.0382960418598413,55.46855706905372,1.3825986036111577
-0.4422932497348694,-4.854946259615703,4.0,2.156478113885771,55.546402185302014,1.6532733754695246
-0.4872490772265535,-4.795831927873497,4.0,2.2883685888113545,55.62066880393239,1.8853136608185155
-0.5383657454788595,-4.744932691894768,4.0,2.4297881583909917,55.69280510544858,2.0092791179084513
-0.59588479211478,-4.70214107536553,4.0,2.573752391328747,55.764495852209166,1.9758598154235374
-0.6600636587578852,-4.6672880711093985,4.0,2.7121646418702383,55.83752775502753,1.7909740793977262
-0.7311604150283878,-4.640150530284882,4.0,2.8381999004147915,55.913627655646316,1.5120148335429076
-0.8094184825392043,-4.6204585515826615,4.0,2.9478769224497237,55.99432523402223,1.2092236264907252
-0.8950513588920395,-4.607902870422894,4.0,3.0401420661696306,56.080873686589825,0.932464520584997
-0.9882273416734241,-4.602142248152493,4.0,3.1159938219322263,56.17422757529415,0.7037602124364889
-1.0890542524507991,-4.602810861242422,4.0,-3.1057179575781984,56.27505670293281,0.5257365835309975
-1.1975641607685765,-4.609525690484991,4.0,-3.056279193493714,56.38377417684979,0.3919442021747264
-1.3136981081442045,-4.62189391019113,4.0,-3.016618227070058,56.5005648725055,0.29348254385607153
-1.4372908320917155,-4.6395202773712905,4.0,-2.9847266089491606,56.62540817522029,0.22205557581100088
-1.5680559691546647,-4.662014234844848,4.0,-2.958889864800121,56.75809389108267,0.1706732729750544
-1.705578998906056,-4.688992391330124,4.0,-2.937738388793102,56.898238119074215,0.13344757927634893
-1.8493245488537768,-4.72007242499032,4.0,-2.92024089282019,57.04530528611734,0.10605891625555394
-1.9986477946155852,-4.754864541224186,4.0,-2.905640928742595,57.19862822333442,0.08544296214288243
-2.1528059505034234,-4.792962876462915,4.0,-2.893401381500341,57.357424382528215,0.06941149012050914
-2.3109697601077297,-4.833936901967056,4.0,-2.8831625336990307,57.520809392350294,0.0563627213029402
-2.472234986881754,-4.877322827623408,4.0,-2.8747130093259865,57.68780882921023,0.045067120874642964
-2.6356339047258652,-4.922615005741915,4.0,-2.8679722969172516,57.85736881196367,0.03450510961340644
-2.8001467885718694,-4.9692573348525695,4.0,-2.862983984070899,58.028365875728504,0.02373338872207204
-2.964713404967319,-5.016634663502311,4.0,-2.8599197593822865,58.19961651806842,0.011757427797215792
-3.1282445026598253,-5.064064194051928,4.0,-2.859095547153432,58.369886833392826,-0.0026147217541142636
-3.2896333031814944,-5.11078688647321,4.0,-2.861002986047854,58.53790276990159,-0.020970687031101175
-3.4477671586075744,-5.155959211666267,4.0,-2.866353794269743,58.70236205116983,-0.04539937114133164
-3.6015428090191564,-5.1986524308729205,4.0,-2.876081469803908,58.86195422399084,-0.07838594275954265
-3.7498897405625793,-5.237868811445904,4.0,-2.8913720756920664,59.01539716649259,-0.12371887858961948
-3.891796368617484,-5.272563749225601,4.0,-2.91378271210815,59.16148354434299,-0.18736758697864864
-4.026336309941457,-5.301668076944968,4.0,-2.945404456637971,59.29913548840284,-0.27866311639500463
-4.152694654814681,-5.324110372634441,4.0,-2.989068693307241,59.42747132889533,-0.4119495297302419
-4.270194239184586,-5.338839268026866,4.0,-3.048569691188505,59.545890468761236,-0.6082307765001718
-4.378321916810492,-5.344845756962399,4.0,-3.1287783936049203,59.654184848015674,-0.8943995977656034
-4.476754831408257,-5.341185503793431,4.0,3.0479116802578083,59.752685792830796,-1.2924025510357753
-4.565386688794929,-5.327001151789506,4.0,2.9105149629278224,59.842445483035156,-1.7832377634011813
-4.64435402903339,-5.301544631542234,4.0,2.7425158352519006,59.925414605288175,-2.2445384213005775
-4.714062498577001,-5.264199469370201,4.0,2.5542998713838516,60.004496410172536,-2.4469071069961603
-4.775213025280317,-5.214503088473795,4.0,2.366801256269523,60.08329436186097,-2.2388541997564295
-4.828815797938243,-5.152168199817349,4.0,2.20214932810081,60.165506864440744,-1.7405437774453498
-4.876135494940286,-5.077099061430141,4.0,2.072332837965235,60.254245408842614,-1.2011401375554225
-4.918579773340509,-4.989403502652385,4.0,1.9778154179687355,60.3516724471752,-0.7678975427228163
-4.957581479607838,-4.889404479766056,4.0,1.9128850149293295,60.45900807811844,-0.467192875988688
-4.994480848798674,-4.777651630761546,4.0,1.870298681733871,60.576695217208936,-0.2745950387812801
-5.0304077037295,-4.654932830104335,4.0,1.843336546974318,60.70456484980387,-0.1592253687120451
-5.0661636541494905,-4.522285743501651,4.0,1.8262559762020683,60.841946571931004,-0.0975794709990428
-5.102104325836148,-4.381009371083015,4.0,1.81411488366299,60.98772292558638,-0.07476217330148717
-5.138033972873549,-4.232670795839702,4.0,1.802632295313512,61.14035081439262,-0.07927589885315156
-5.173204164202741,-4.07907163473508,4.0,1.7885510673753868,61.29792506562097,-0.10190976929160117
-5.206431625050163,-3.922168353308384,4.0,1.7694345177823467,61.45830805685394,-0.1386137772177334
-5.236235848033489,-3.763984925502891,4.0,1.7432822846695837,61.619274788012696,-0.18860918584111305
-5.260976836807113,-3.6065254421750383,4.0,1.7083065990328246,61.77866614729974,-0.2529308506222645
-5.278992849707608,-3.4516867196035608,4.0,1.6628700884441583,61.93454945855658,-0.33306725252455327
-5.28873814339922,-3.3011709079986096,4.0,1.6056224566916861,62.08538042451594,-0.4289511477255105
-5.2889207144820825,-3.1563981014444846,4.0,1.5359132795564678,62.23015334618901,-0.5356218683101398
-5.278634555990425,-3.018422807696331,4.0,1.454379863722942,62.368511528966195,-0.6426461091057799
-5.257422699208863,-2.887899124122109,4.0,1.3628879402411604,62.500747586234645,-0.738259877620698
-5.2252325163111255,-2.765121729351321,4.0,1.2644016168332566,62.62767471706841,-0.807840844167833
-5.1823456168029365,-2.6500847531806846,4.0,1.1628624303580644,62.75044601679237,-0.8384802657601464
-5.129307357285686,-2.542540918584665,4.0,1.06265126824851,62.87035737293613,-0.8249622955943126
-5.066856351220141,-2.4420606837260097,4.0,0.9677872766208482,62.98866377916947,-0.7725016796098956
-4.995853978690123,-2.348091383966285,4.0,0.8812070195091817,63.10644139250165,-0.694294343768288
-4.9172138962149345,-2.260016373836369,4.0,0.8043946973338822,63.22451539464052,-0.6061585250055387
-4.831832789204898,-2.1772131479581063,4.0,0.7374503726319722,63.343453646057405,-0.5204012499445497
-4.740541981746053,-2.099094324019054,4.0,0.6797276936621932,63.46360589189621,-0.4418379500409411
-4.644098765737586,-2.025115989346213,4.0,0.6303516785406775,63.585154597833466,-0.3722082653412768
-4.543189375052368,-1.954776479054872,4.0,0.5883823932527341,63.70816009298099,-0.3117571680136256
-4.438432230245388,-1.8876149318949726,4.0,0.5529020648072493,63.832597759324514,-0.259927811887638
-4.330381183262196,-1.823209846097484,4.0,0.5230595705130429,63.95838744026356,-0.21581691409109782
-4.219528762147355,-1.7611776352207686,4.0,0.49808788768426193,64.08541599789244,-0.1784382874309641
-4.106309415752884,-1.7011711839969588,4.0,0.47730610605002577,64.21355418340507,-0.14685769296755244
-3.9911027584466727,-1.6428784041783087,4.0,0.46011360639328003,64.34266894656814,-0.12025054778335656
-3.874236814820971,-1.5860207903835897,4.0,0.4459809795293883,64.47263216069412,-0.09791724022074523
-3.7559912644008007,-1.530351975944441,4.0,0.4344402456672302,64.60332656415207,-0.07927716412506422
-3.6366006863524043,-1.4756562887517468,4.0,0.4250756950296543,64.73464955651903,-0.06385342047195877
-3.5162578041916963,-1.4217473071020033,4.0,0.41751594807778203,64.86651535037498,-0.05125456644437206
-3.395116730492692,-1.3684664155436876,4.0,0.41142743025311557,64.99885587002862,-0.0411566228465978
-3.2732962115959663,-1.3156813607236333,4.0,0.40650924017736956,65.13162070285955,-0.0332868364032415
-3.1508828723170903,-1.2632848072333929,4.0,0.4024892805295482,65.26477634281167,-0.027409806699967367
-3.0279344606550658,-1.2111928934556109,4.0,0.3991214698802387,65.39830491432821,-0.023316146418018265
-2.9044830925007843,-1.1593437874103936,4.0,0.39618383506648874,65.53220252482538,-0.02081362866135764
-2.7805384963454567,-1.1076962426016779,4.0,0.39347728301147195,65.66647736163733,-0.01972066703462529
-2.656091257989066,-1.0562281538636014,4.0,0.3908248608700477,65.80114762299033,-0.019861912101666167
-2.5311160652488036,-1.0049351132068718,4.0,0.38807133022004997,65.93623935042127,-0.02106570490757407
-2.4055749526675174,-0.9538289656651366,4.0,0.38508290258642663,66.07178421113058,-0.023163095439101757
-2.2794205462221497,-0.9029363651413534,4.0,0.3817470083860036,66.20781726245876,-0.02598811091127179
-2.1525993080321855,-0.8522973302541585,4.0,0.37797199808517845,66.34437471670547,-0.029378948194306843
-2.025054781068093,-0.8019638001842374,4.0,0.37368670166265977,66.48149171276283,-0.03317976880603125
-1.8967308338597662,-0.7519981905206934,4.0,0.3688397991047563,66.61920009150637,-0.03724279414681222
-1.767574905204971,-0.7024719491074188,4.0,0.36339897951537165,66.75752616459171,-0.0414304313880844
